[{"model": "contenttypes.contenttype", "pk": 1, "fields": {"app_label": "admin", "model": "logentry"}}, {"model": "contenttypes.contenttype", "pk": 2, "fields": {"app_label": "auth", "model": "permission"}}, {"model": "contenttypes.contenttype", "pk": 3, "fields": {"app_label": "auth", "model": "group"}}, {"model": "contenttypes.contenttype", "pk": 4, "fields": {"app_label": "auth", "model": "user"}}, {"model": "contenttypes.contenttype", "pk": 5, "fields": {"app_label": "contenttypes", "model": "contenttype"}}, {"model": "contenttypes.contenttype", "pk": 6, "fields": {"app_label": "sessions", "model": "session"}}, {"model": "contenttypes.contenttype", "pk": 7, "fields": {"app_label": "logs", "model": "topic"}}, {"model": "contenttypes.contenttype", "pk": 8, "fields": {"app_label": "logs", "model": "entry"}}, {"model": "logs.topic", "pk": 1, "fields": {"text": "Classes", "date_added": "2019-03-25T06:12:40.112Z"}}, {"model": "logs.topic", "pk": 2, "fields": {"text": "Hash-functions", "date_added": "2019-03-25T06:12:56.336Z"}}, {"model": "logs.topic", "pk": 3, "fields": {"text": "Functions", "date_added": "2019-03-25T07:12:50.470Z"}}, {"model": "logs.topic", "pk": 4, "fields": {"text": "HTML", "date_added": "2019-03-25T07:39:17.324Z"}}, {"model": "logs.topic", "pk": 5, "fields": {"text": "CSS", "date_added": "2019-03-25T07:43:24.406Z"}}, {"model": "logs.topic", "pk": 6, "fields": {"text": "GIT", "date_added": "2019-03-25T07:47:59.616Z"}}, {"model": "logs.topic", "pk": 7, "fields": {"text": "Command line", "date_added": "2019-03-25T07:55:50.507Z"}}, {"model": "logs.topic", "pk": 8, "fields": {"text": "Dictionaries", "date_added": "2019-03-25T07:59:45.116Z"}}, {"model": "logs.topic", "pk": 9, "fields": {"text": "Virtual environments", "date_added": "2019-03-25T08:04:30.789Z"}}, {"model": "logs.topic", "pk": 10, "fields": {"text": "Modules", "date_added": "2019-03-25T08:08:19.556Z"}}, {"model": "logs.topic", "pk": 59, "fields": {"text": "Java", "date_added": "2019-03-27T09:05:38.306Z"}}, {"model": "logs.topic", "pk": 60, "fields": {"text": "Machine Learning", "date_added": "2019-03-27T10:43:19.414Z"}}, {"model": "logs.entry", "pk": 1, "fields": {"topic": 1, "text": "Classes can inherit from other classes.", "date_added": "2019-03-25T07:07:08.063Z"}}, {"model": "logs.entry", "pk": 2, "fields": {"topic": 1, "text": "We can define a dunder method string (__str__), which represents an instance of the class according to what we define here, instead as an <object>.", "date_added": "2019-03-25T07:08:36.621Z"}}, {"model": "logs.entry", "pk": 3, "fields": {"topic": 2, "text": "There are multiple hash-functions like MD5 and SHA256. MD5 is \"broken\", thus why it is no longer recommended to use. SHA256, is a very popular alternative.", "date_added": "2019-03-25T07:10:00.178Z"}}, {"model": "logs.entry", "pk": 4, "fields": {"topic": 2, "text": "Hash-functions are irreversable since some data is lost during the calculation process. This happens during a bit-wise operation called logical shifts.", "date_added": "2019-03-25T07:12:34.549Z"}}, {"model": "logs.entry", "pk": 5, "fields": {"topic": 3, "text": "Functions need to be defined in the beginning of a script.", "date_added": "2019-03-25T07:13:07.302Z"}}, {"model": "logs.entry", "pk": 6, "fields": {"topic": 3, "text": "Functions can be imported into other scripts by the \"from file_on_root import function\" statement.", "date_added": "2019-03-25T07:13:51.842Z"}}, {"model": "logs.entry", "pk": 7, "fields": {"topic": 4, "text": "When creating an HTML-file we always have to start of with defining the file type: \r\n<!DOCTYPE html>", "date_added": "2019-03-25T07:40:25.758Z"}}, {"model": "logs.entry", "pk": 8, "fields": {"topic": 4, "text": "After the file type definition, the rest of the document need to be wrapped into HTML-tags. Furthermore there always is a head and body section.\r\n\r\n<html>\r\n    <head>\r\n    </head>\r\n\r\n    <body>\r\n    </body>\r\n</html>", "date_added": "2019-03-25T07:43:15.313Z"}}, {"model": "logs.entry", "pk": 9, "fields": {"topic": 5, "text": "CSS, or Cascade Style Sheet, is the code used to define the style of an HTML-page. The style of HTML-objects can be defined in line or, before hand in the head or in a different css file. The style in the head will overwrite the one in the seperate file, and the inline will overwrite the one defined in the head.", "date_added": "2019-03-25T07:46:46.000Z"}}, {"model": "logs.entry", "pk": 10, "fields": {"topic": 5, "text": "A CSS (and JavaScript) framework is Bootstrap. It contains a lot of predefined style-classes which makes it relatively easy to create a nice looking responsive website.", "date_added": "2019-03-25T07:47:48.887Z"}}, {"model": "logs.entry", "pk": 11, "fields": {"topic": 6, "text": "Git is a local version control system. It allows you to track all files within a specified directory.\r\n- To initialize a Git repository, we use the following command in the directory we want to track: git init\r\n- To add files we want to track, also named the staging area, we use the command: git add filename (or . for all at once.)\r\n- Next we can commit the files and add a message by: git commit -m \"your message goes here\"", "date_added": "2019-03-25T07:54:13.668Z"}}, {"model": "logs.entry", "pk": 12, "fields": {"topic": 6, "text": "We can connect the git to a remote, like github. We do this with the following command:\r\ngit add remote alias_of_your_remote remote_url", "date_added": "2019-03-25T07:55:42.756Z"}}, {"model": "logs.entry", "pk": 13, "fields": {"topic": 7, "text": "We can do the following commands:\r\n\r\n- change directory: cd path/name\r\n- make directory: mkdir name_of_dir\r\n- remove empty directory: rmdir name_of_dir\r\n- remove directory with files and subfolders: rm -rf name_of_dir\r\n- create a file: touch file_name\r\n- check where we are: pwd\r\n- list the contents of a directory: ls -al", "date_added": "2019-03-25T07:58:40.540Z"}}, {"model": "logs.entry", "pk": 14, "fields": {"topic": 7, "text": "From the command line we can execute a python script with the following command:\r\npython3 pythonfile.py", "date_added": "2019-03-25T07:59:28.573Z"}}, {"model": "logs.entry", "pk": 15, "fields": {"topic": 8, "text": "Dictionaries store values with a key. The key has to be an immutable object. Values can be anything, even dictionaries.", "date_added": "2019-03-25T08:01:02.491Z"}}, {"model": "logs.entry", "pk": 16, "fields": {"topic": 8, "text": "Dictionaries are not index-able. It basically stores the values by hashing the key and adding the value to a list on the place of the hash.", "date_added": "2019-03-25T08:03:20.776Z"}}, {"model": "logs.entry", "pk": 17, "fields": {"topic": 9, "text": "Virtual environments are used to keep your production environment and your machine software separated. It allows you to install all different kind of modules which you can get rid of fairly easy, by just deleting the virtual environment.", "date_added": "2019-03-25T08:06:02.067Z"}}, {"model": "logs.entry", "pk": 18, "fields": {"topic": 9, "text": "Initiating an virtual environment can be done through Pycharm or by using the following command, in the directory where you want to have the virtual environment:\r\npython3 -m venv path/to/venv", "date_added": "2019-03-25T08:08:04.115Z"}}, {"model": "logs.entry", "pk": 19, "fields": {"topic": 10, "text": "Installing modules can be done through Pycharm, or by the following command (when the venv is activated):\r\npip install nameofmodule", "date_added": "2019-03-25T08:11:14.577Z"}}, {"model": "logs.entry", "pk": 20, "fields": {"topic": 10, "text": "A module may rely on other modules. When this is the case and the relying modules are not yet installed, it is automatically done when the (original) module is installed.", "date_added": "2019-03-25T08:13:55.068Z"}}, {"model": "logs.entry", "pk": 21, "fields": {"topic": 1, "text": "This is a test", "date_added": "2019-03-27T04:00:55.463Z"}}, {"model": "logs.entry", "pk": 22, "fields": {"topic": 1, "text": "test", "date_added": "2019-03-27T04:34:15.598Z"}}, {"model": "logs.entry", "pk": 23, "fields": {"topic": 1, "text": "Another test", "date_added": "2019-03-27T04:37:13.186Z"}}, {"model": "logs.entry", "pk": 24, "fields": {"topic": 1, "text": "123", "date_added": "2019-03-27T04:37:18.796Z"}}, {"model": "logs.entry", "pk": 25, "fields": {"topic": 1, "text": "new entry", "date_added": "2019-03-27T09:05:19.386Z"}}, {"model": "logs.entry", "pk": 26, "fields": {"topic": 4, "text": "nieuwe input", "date_added": "2019-03-28T09:46:38.489Z"}}, {"model": "auth.permission", "pk": 1, "fields": {"name": "Can add log entry", "content_type": 1, "codename": "add_logentry"}}, {"model": "auth.permission", "pk": 2, "fields": {"name": "Can change log entry", "content_type": 1, "codename": "change_logentry"}}, {"model": "auth.permission", "pk": 3, "fields": {"name": "Can delete log entry", "content_type": 1, "codename": "delete_logentry"}}, {"model": "auth.permission", "pk": 4, "fields": {"name": "Can view log entry", "content_type": 1, "codename": "view_logentry"}}, {"model": "auth.permission", "pk": 5, "fields": {"name": "Can add permission", "content_type": 2, "codename": "add_permission"}}, {"model": "auth.permission", "pk": 6, "fields": {"name": "Can change permission", "content_type": 2, "codename": "change_permission"}}, {"model": "auth.permission", "pk": 7, "fields": {"name": "Can delete permission", "content_type": 2, "codename": "delete_permission"}}, {"model": "auth.permission", "pk": 8, "fields": {"name": "Can view permission", "content_type": 2, "codename": "view_permission"}}, {"model": "auth.permission", "pk": 9, "fields": {"name": "Can add group", "content_type": 3, "codename": "add_group"}}, {"model": "auth.permission", "pk": 10, "fields": {"name": "Can change group", "content_type": 3, "codename": "change_group"}}, {"model": "auth.permission", "pk": 11, "fields": {"name": "Can delete group", "content_type": 3, "codename": "delete_group"}}, {"model": "auth.permission", "pk": 12, "fields": {"name": "Can view group", "content_type": 3, "codename": "view_group"}}, {"model": "auth.permission", "pk": 13, "fields": {"name": "Can add user", "content_type": 4, "codename": "add_user"}}, {"model": "auth.permission", "pk": 14, "fields": {"name": "Can change user", "content_type": 4, "codename": "change_user"}}, {"model": "auth.permission", "pk": 15, "fields": {"name": "Can delete user", "content_type": 4, "codename": "delete_user"}}, {"model": "auth.permission", "pk": 16, "fields": {"name": "Can view user", "content_type": 4, "codename": "view_user"}}, {"model": "auth.permission", "pk": 17, "fields": {"name": "Can add content type", "content_type": 5, "codename": "add_contenttype"}}, {"model": "auth.permission", "pk": 18, "fields": {"name": "Can change content type", "content_type": 5, "codename": "change_contenttype"}}, {"model": "auth.permission", "pk": 19, "fields": {"name": "Can delete content type", "content_type": 5, "codename": "delete_contenttype"}}, {"model": "auth.permission", "pk": 20, "fields": {"name": "Can view content type", "content_type": 5, "codename": "view_contenttype"}}, {"model": "auth.permission", "pk": 21, "fields": {"name": "Can add session", "content_type": 6, "codename": "add_session"}}, {"model": "auth.permission", "pk": 22, "fields": {"name": "Can change session", "content_type": 6, "codename": "change_session"}}, {"model": "auth.permission", "pk": 23, "fields": {"name": "Can delete session", "content_type": 6, "codename": "delete_session"}}, {"model": "auth.permission", "pk": 24, "fields": {"name": "Can view session", "content_type": 6, "codename": "view_session"}}, {"model": "auth.permission", "pk": 25, "fields": {"name": "Can add topic", "content_type": 7, "codename": "add_topic"}}, {"model": "auth.permission", "pk": 26, "fields": {"name": "Can change topic", "content_type": 7, "codename": "change_topic"}}, {"model": "auth.permission", "pk": 27, "fields": {"name": "Can delete topic", "content_type": 7, "codename": "delete_topic"}}, {"model": "auth.permission", "pk": 28, "fields": {"name": "Can view topic", "content_type": 7, "codename": "view_topic"}}, {"model": "auth.permission", "pk": 29, "fields": {"name": "Can add entry", "content_type": 8, "codename": "add_entry"}}, {"model": "auth.permission", "pk": 30, "fields": {"name": "Can change entry", "content_type": 8, "codename": "change_entry"}}, {"model": "auth.permission", "pk": 31, "fields": {"name": "Can delete entry", "content_type": 8, "codename": "delete_entry"}}, {"model": "auth.permission", "pk": 32, "fields": {"name": "Can view entry", "content_type": 8, "codename": "view_entry"}}, {"model": "auth.user", "pk": 1, "fields": {"password": "pbkdf2_sha256$100000$9Ln3aqihUEC4$IHABW03fufjOM/I9BNiYzl7u+4XLHa8sAH7X7JeuMdM=", "last_login": "2019-03-28T06:23:44.970Z", "is_superuser": true, "username": "admin", "first_name": "", "last_name": "", "email": "lub@countcooper.nl", "is_staff": true, "is_active": true, "date_joined": "2019-03-25T04:00:14.614Z", "groups": [], "user_permissions": []}}, {"model": "auth.user", "pk": 2, "fields": {"password": "pbkdf2_sha256$100000$9fQK1MACYuHu$wEv3QH9D3Bje/qUjVtVo3xpNSnJ8mToftckQLLnYvg4=", "last_login": "2019-03-28T09:46:13.497Z", "is_superuser": false, "username": "bob", "first_name": "", "last_name": "", "email": "", "is_staff": false, "is_active": true, "date_joined": "2019-03-28T07:12:26.671Z", "groups": [], "user_permissions": []}}, {"model": "admin.logentry", "pk": 1, "fields": {"action_time": "2019-03-25T06:12:40.112Z", "user": 1, "content_type": 7, "object_id": "1", "object_repr": "Topic object (1)", "action_flag": 1, "change_message": "[{\"added\": {}}]"}}, {"model": "admin.logentry", "pk": 2, "fields": {"action_time": "2019-03-25T06:12:56.336Z", "user": 1, "content_type": 7, "object_id": "2", "object_repr": "Topic object (2)", "action_flag": 1, "change_message": "[{\"added\": {}}]"}}, {"model": "admin.logentry", "pk": 3, "fields": {"action_time": "2019-03-25T07:07:08.063Z", "user": 1, "content_type": 8, "object_id": "1", "object_repr": "Classes can inherit from other classes....", "action_flag": 1, "change_message": "[{\"added\": {}}]"}}, {"model": "admin.logentry", "pk": 4, "fields": {"action_time": "2019-03-25T07:08:36.622Z", "user": 1, "content_type": 8, "object_id": "2", "object_repr": "We can define a dunder method string (__str__), wh...", "action_flag": 1, "change_message": "[{\"added\": {}}]"}}, {"model": "admin.logentry", "pk": 5, "fields": {"action_time": "2019-03-25T07:10:00.179Z", "user": 1, "content_type": 8, "object_id": "3", "object_repr": "There are multiple hash-functions like MD5 and SHA...", "action_flag": 1, "change_message": "[{\"added\": {}}]"}}, {"model": "admin.logentry", "pk": 6, "fields": {"action_time": "2019-03-25T07:12:34.550Z", "user": 1, "content_type": 8, "object_id": "4", "object_repr": "Hash-functions are irreversable since some data is...", "action_flag": 1, "change_message": "[{\"added\": {}}]"}}, {"model": "admin.logentry", "pk": 7, "fields": {"action_time": "2019-03-25T07:12:50.470Z", "user": 1, "content_type": 7, "object_id": "3", "object_repr": "functions", "action_flag": 1, "change_message": "[{\"added\": {}}]"}}, {"model": "admin.logentry", "pk": 8, "fields": {"action_time": "2019-03-25T07:13:07.302Z", "user": 1, "content_type": 8, "object_id": "5", "object_repr": "Functions need to be defined in the beginning of a...", "action_flag": 1, "change_message": "[{\"added\": {}}]"}}, {"model": "admin.logentry", "pk": 9, "fields": {"action_time": "2019-03-25T07:13:14.432Z", "user": 1, "content_type": 7, "object_id": "3", "object_repr": "Functions", "action_flag": 2, "change_message": "[{\"changed\": {\"fields\": [\"text\"]}}]"}}, {"model": "admin.logentry", "pk": 10, "fields": {"action_time": "2019-03-25T07:13:51.842Z", "user": 1, "content_type": 8, "object_id": "6", "object_repr": "Functions can be imported into other scripts by th...", "action_flag": 1, "change_message": "[{\"added\": {}}]"}}, {"model": "admin.logentry", "pk": 11, "fields": {"action_time": "2019-03-25T07:39:17.325Z", "user": 1, "content_type": 7, "object_id": "4", "object_repr": "HTML", "action_flag": 1, "change_message": "[{\"added\": {}}]"}}, {"model": "admin.logentry", "pk": 12, "fields": {"action_time": "2019-03-25T07:40:25.759Z", "user": 1, "content_type": 8, "object_id": "7", "object_repr": "When creating an HTML-file we always have to start...", "action_flag": 1, "change_message": "[{\"added\": {}}]"}}, {"model": "admin.logentry", "pk": 13, "fields": {"action_time": "2019-03-25T07:43:15.314Z", "user": 1, "content_type": 8, "object_id": "8", "object_repr": "After the file type definition, the rest of the do...", "action_flag": 1, "change_message": "[{\"added\": {}}]"}}, {"model": "admin.logentry", "pk": 14, "fields": {"action_time": "2019-03-25T07:43:24.407Z", "user": 1, "content_type": 7, "object_id": "5", "object_repr": "CSS", "action_flag": 1, "change_message": "[{\"added\": {}}]"}}, {"model": "admin.logentry", "pk": 15, "fields": {"action_time": "2019-03-25T07:46:46.001Z", "user": 1, "content_type": 8, "object_id": "9", "object_repr": "CSS, or Cascade Style Sheet, is the code used to d...", "action_flag": 1, "change_message": "[{\"added\": {}}]"}}, {"model": "admin.logentry", "pk": 16, "fields": {"action_time": "2019-03-25T07:47:48.888Z", "user": 1, "content_type": 8, "object_id": "10", "object_repr": "A CSS (and JavaScript) framework is Bootstrap. It ...", "action_flag": 1, "change_message": "[{\"added\": {}}]"}}, {"model": "admin.logentry", "pk": 17, "fields": {"action_time": "2019-03-25T07:47:59.616Z", "user": 1, "content_type": 7, "object_id": "6", "object_repr": "GIT", "action_flag": 1, "change_message": "[{\"added\": {}}]"}}, {"model": "admin.logentry", "pk": 18, "fields": {"action_time": "2019-03-25T07:54:13.669Z", "user": 1, "content_type": 8, "object_id": "11", "object_repr": "Git is a local version control system. It allows y...", "action_flag": 1, "change_message": "[{\"added\": {}}]"}}, {"model": "admin.logentry", "pk": 19, "fields": {"action_time": "2019-03-25T07:55:42.757Z", "user": 1, "content_type": 8, "object_id": "12", "object_repr": "We can connect the git to a remote, like github. W...", "action_flag": 1, "change_message": "[{\"added\": {}}]"}}, {"model": "admin.logentry", "pk": 20, "fields": {"action_time": "2019-03-25T07:55:50.508Z", "user": 1, "content_type": 7, "object_id": "7", "object_repr": "Command line", "action_flag": 1, "change_message": "[{\"added\": {}}]"}}, {"model": "admin.logentry", "pk": 21, "fields": {"action_time": "2019-03-25T07:58:40.541Z", "user": 1, "content_type": 8, "object_id": "13", "object_repr": "We can do the following commands:\r\n\r\n- change dire...", "action_flag": 1, "change_message": "[{\"added\": {}}]"}}, {"model": "admin.logentry", "pk": 22, "fields": {"action_time": "2019-03-25T07:59:28.574Z", "user": 1, "content_type": 8, "object_id": "14", "object_repr": "From the command line we can execute a python scri...", "action_flag": 1, "change_message": "[{\"added\": {}}]"}}, {"model": "admin.logentry", "pk": 23, "fields": {"action_time": "2019-03-25T07:59:45.117Z", "user": 1, "content_type": 7, "object_id": "8", "object_repr": "Dictionaries", "action_flag": 1, "change_message": "[{\"added\": {}}]"}}, {"model": "admin.logentry", "pk": 24, "fields": {"action_time": "2019-03-25T08:01:02.491Z", "user": 1, "content_type": 8, "object_id": "15", "object_repr": "Dictionaries store values with a key. The key has ...", "action_flag": 1, "change_message": "[{\"added\": {}}]"}}, {"model": "admin.logentry", "pk": 25, "fields": {"action_time": "2019-03-25T08:03:20.777Z", "user": 1, "content_type": 8, "object_id": "16", "object_repr": "Dictionaries are not index-able. It basically stor...", "action_flag": 1, "change_message": "[{\"added\": {}}]"}}, {"model": "admin.logentry", "pk": 26, "fields": {"action_time": "2019-03-25T08:04:30.789Z", "user": 1, "content_type": 7, "object_id": "9", "object_repr": "Virtual environments", "action_flag": 1, "change_message": "[{\"added\": {}}]"}}, {"model": "admin.logentry", "pk": 27, "fields": {"action_time": "2019-03-25T08:06:02.068Z", "user": 1, "content_type": 8, "object_id": "17", "object_repr": "Virtual environments are used to keep your product...", "action_flag": 1, "change_message": "[{\"added\": {}}]"}}, {"model": "admin.logentry", "pk": 28, "fields": {"action_time": "2019-03-25T08:08:04.115Z", "user": 1, "content_type": 8, "object_id": "18", "object_repr": "Initiating an virtual environment can be done thro...", "action_flag": 1, "change_message": "[{\"added\": {}}]"}}, {"model": "admin.logentry", "pk": 29, "fields": {"action_time": "2019-03-25T08:08:19.557Z", "user": 1, "content_type": 7, "object_id": "10", "object_repr": "Modules", "action_flag": 1, "change_message": "[{\"added\": {}}]"}}, {"model": "admin.logentry", "pk": 30, "fields": {"action_time": "2019-03-25T08:11:14.578Z", "user": 1, "content_type": 8, "object_id": "19", "object_repr": "Installing modules can be done through Pycharm, or...", "action_flag": 1, "change_message": "[{\"added\": {}}]"}}, {"model": "admin.logentry", "pk": 31, "fields": {"action_time": "2019-03-25T08:13:55.070Z", "user": 1, "content_type": 8, "object_id": "20", "object_repr": "A module may rely on other modules. When this is t...", "action_flag": 1, "change_message": "[{\"added\": {}}]"}}, {"model": "admin.logentry", "pk": 32, "fields": {"action_time": "2019-03-27T02:00:34.331Z", "user": 1, "content_type": 7, "object_id": "20", "object_repr": "Machine Learning", "action_flag": 3, "change_message": ""}}, {"model": "admin.logentry", "pk": 33, "fields": {"action_time": "2019-03-27T02:00:34.349Z", "user": 1, "content_type": 7, "object_id": "19", "object_repr": "Machine Learning", "action_flag": 3, "change_message": ""}}, {"model": "admin.logentry", "pk": 34, "fields": {"action_time": "2019-03-27T02:00:34.357Z", "user": 1, "content_type": 7, "object_id": "18", "object_repr": "Machine Learning", "action_flag": 3, "change_message": ""}}, {"model": "admin.logentry", "pk": 35, "fields": {"action_time": "2019-03-27T02:00:34.368Z", "user": 1, "content_type": 7, "object_id": "17", "object_repr": "Machine Learning", "action_flag": 3, "change_message": ""}}, {"model": "admin.logentry", "pk": 36, "fields": {"action_time": "2019-03-27T02:00:34.375Z", "user": 1, "content_type": 7, "object_id": "16", "object_repr": "Machine Learning", "action_flag": 3, "change_message": ""}}, {"model": "admin.logentry", "pk": 37, "fields": {"action_time": "2019-03-27T02:00:34.383Z", "user": 1, "content_type": 7, "object_id": "15", "object_repr": "Machine Learning", "action_flag": 3, "change_message": ""}}, {"model": "admin.logentry", "pk": 38, "fields": {"action_time": "2019-03-27T02:00:34.392Z", "user": 1, "content_type": 7, "object_id": "14", "object_repr": "Machine Learning", "action_flag": 3, "change_message": ""}}, {"model": "admin.logentry", "pk": 39, "fields": {"action_time": "2019-03-27T02:00:34.402Z", "user": 1, "content_type": 7, "object_id": "13", "object_repr": "Machine Learning", "action_flag": 3, "change_message": ""}}, {"model": "admin.logentry", "pk": 40, "fields": {"action_time": "2019-03-27T02:00:34.409Z", "user": 1, "content_type": 7, "object_id": "12", "object_repr": "Machine", "action_flag": 3, "change_message": ""}}, {"model": "admin.logentry", "pk": 41, "fields": {"action_time": "2019-03-27T02:00:34.416Z", "user": 1, "content_type": 7, "object_id": "11", "object_repr": "Machine Learning", "action_flag": 3, "change_message": ""}}, {"model": "admin.logentry", "pk": 42, "fields": {"action_time": "2019-03-27T02:01:55.087Z", "user": 1, "content_type": 7, "object_id": "36", "object_repr": "Machine Learning", "action_flag": 3, "change_message": ""}}, {"model": "admin.logentry", "pk": 43, "fields": {"action_time": "2019-03-27T02:01:55.103Z", "user": 1, "content_type": 7, "object_id": "35", "object_repr": "Machine Learning", "action_flag": 3, "change_message": ""}}, {"model": "admin.logentry", "pk": 44, "fields": {"action_time": "2019-03-27T02:01:55.110Z", "user": 1, "content_type": 7, "object_id": "34", "object_repr": "Machine Learning", "action_flag": 3, "change_message": ""}}, {"model": "admin.logentry", "pk": 45, "fields": {"action_time": "2019-03-27T02:01:55.116Z", "user": 1, "content_type": 7, "object_id": "33", "object_repr": "Machine Learning", "action_flag": 3, "change_message": ""}}, {"model": "admin.logentry", "pk": 46, "fields": {"action_time": "2019-03-27T02:01:55.122Z", "user": 1, "content_type": 7, "object_id": "32", "object_repr": "Machine Learning", "action_flag": 3, "change_message": ""}}, {"model": "admin.logentry", "pk": 47, "fields": {"action_time": "2019-03-27T02:01:55.134Z", "user": 1, "content_type": 7, "object_id": "31", "object_repr": "Machine Learning", "action_flag": 3, "change_message": ""}}, {"model": "admin.logentry", "pk": 48, "fields": {"action_time": "2019-03-27T02:01:55.144Z", "user": 1, "content_type": 7, "object_id": "30", "object_repr": "Machine Learning", "action_flag": 3, "change_message": ""}}, {"model": "admin.logentry", "pk": 49, "fields": {"action_time": "2019-03-27T02:01:55.151Z", "user": 1, "content_type": 7, "object_id": "29", "object_repr": "Machine Learning", "action_flag": 3, "change_message": ""}}, {"model": "admin.logentry", "pk": 50, "fields": {"action_time": "2019-03-27T02:01:55.164Z", "user": 1, "content_type": 7, "object_id": "28", "object_repr": "Machine Learning", "action_flag": 3, "change_message": ""}}, {"model": "admin.logentry", "pk": 51, "fields": {"action_time": "2019-03-27T02:01:55.173Z", "user": 1, "content_type": 7, "object_id": "27", "object_repr": "Machine Learning", "action_flag": 3, "change_message": ""}}, {"model": "admin.logentry", "pk": 52, "fields": {"action_time": "2019-03-27T02:01:55.182Z", "user": 1, "content_type": 7, "object_id": "26", "object_repr": "Machine Learning", "action_flag": 3, "change_message": ""}}, {"model": "admin.logentry", "pk": 53, "fields": {"action_time": "2019-03-27T02:01:55.189Z", "user": 1, "content_type": 7, "object_id": "25", "object_repr": "Machine Learning", "action_flag": 3, "change_message": ""}}, {"model": "admin.logentry", "pk": 54, "fields": {"action_time": "2019-03-27T02:01:55.196Z", "user": 1, "content_type": 7, "object_id": "24", "object_repr": "Machine Learning", "action_flag": 3, "change_message": ""}}, {"model": "admin.logentry", "pk": 55, "fields": {"action_time": "2019-03-27T02:01:55.205Z", "user": 1, "content_type": 7, "object_id": "23", "object_repr": "Machine Learning", "action_flag": 3, "change_message": ""}}, {"model": "admin.logentry", "pk": 56, "fields": {"action_time": "2019-03-27T02:01:55.214Z", "user": 1, "content_type": 7, "object_id": "22", "object_repr": "Machine Learning", "action_flag": 3, "change_message": ""}}, {"model": "admin.logentry", "pk": 57, "fields": {"action_time": "2019-03-27T02:01:55.222Z", "user": 1, "content_type": 7, "object_id": "21", "object_repr": "Machine Learning", "action_flag": 3, "change_message": ""}}, {"model": "admin.logentry", "pk": 58, "fields": {"action_time": "2019-03-27T02:11:31.704Z", "user": 1, "content_type": 7, "object_id": "52", "object_repr": "ters", "action_flag": 3, "change_message": ""}}, {"model": "admin.logentry", "pk": 59, "fields": {"action_time": "2019-03-27T02:11:31.718Z", "user": 1, "content_type": 7, "object_id": "51", "object_repr": "undone", "action_flag": 3, "change_message": ""}}, {"model": "admin.logentry", "pk": 60, "fields": {"action_time": "2019-03-27T02:11:31.724Z", "user": 1, "content_type": 7, "object_id": "50", "object_repr": "undone", "action_flag": 3, "change_message": ""}}, {"model": "admin.logentry", "pk": 61, "fields": {"action_time": "2019-03-27T02:11:31.730Z", "user": 1, "content_type": 7, "object_id": "49", "object_repr": "undone", "action_flag": 3, "change_message": ""}}, {"model": "admin.logentry", "pk": 62, "fields": {"action_time": "2019-03-27T02:11:31.736Z", "user": 1, "content_type": 7, "object_id": "48", "object_repr": "undone", "action_flag": 3, "change_message": ""}}, {"model": "admin.logentry", "pk": 63, "fields": {"action_time": "2019-03-27T02:11:31.743Z", "user": 1, "content_type": 7, "object_id": "47", "object_repr": "undone", "action_flag": 3, "change_message": ""}}, {"model": "admin.logentry", "pk": 64, "fields": {"action_time": "2019-03-27T02:11:31.749Z", "user": 1, "content_type": 7, "object_id": "46", "object_repr": "undone", "action_flag": 3, "change_message": ""}}, {"model": "admin.logentry", "pk": 65, "fields": {"action_time": "2019-03-27T02:11:31.756Z", "user": 1, "content_type": 7, "object_id": "45", "object_repr": "undone", "action_flag": 3, "change_message": ""}}, {"model": "admin.logentry", "pk": 66, "fields": {"action_time": "2019-03-27T02:11:31.768Z", "user": 1, "content_type": 7, "object_id": "44", "object_repr": "undone", "action_flag": 3, "change_message": ""}}, {"model": "admin.logentry", "pk": 67, "fields": {"action_time": "2019-03-27T02:11:31.775Z", "user": 1, "content_type": 7, "object_id": "43", "object_repr": "undone", "action_flag": 3, "change_message": ""}}, {"model": "admin.logentry", "pk": 68, "fields": {"action_time": "2019-03-27T02:11:31.781Z", "user": 1, "content_type": 7, "object_id": "42", "object_repr": "undone", "action_flag": 3, "change_message": ""}}, {"model": "admin.logentry", "pk": 69, "fields": {"action_time": "2019-03-27T02:11:31.788Z", "user": 1, "content_type": 7, "object_id": "41", "object_repr": "Machine Learning3", "action_flag": 3, "change_message": ""}}, {"model": "admin.logentry", "pk": 70, "fields": {"action_time": "2019-03-27T02:11:31.798Z", "user": 1, "content_type": 7, "object_id": "40", "object_repr": "Machine Learning2", "action_flag": 3, "change_message": ""}}, {"model": "admin.logentry", "pk": 71, "fields": {"action_time": "2019-03-27T02:11:31.807Z", "user": 1, "content_type": 7, "object_id": "39", "object_repr": "Machine Learning2", "action_flag": 3, "change_message": ""}}, {"model": "admin.logentry", "pk": 72, "fields": {"action_time": "2019-03-27T02:11:31.814Z", "user": 1, "content_type": 7, "object_id": "38", "object_repr": "Machine Learning", "action_flag": 3, "change_message": ""}}, {"model": "admin.logentry", "pk": 73, "fields": {"action_time": "2019-03-27T02:54:42.867Z", "user": 1, "content_type": 7, "object_id": "58", "object_repr": "this is another tesst 123", "action_flag": 3, "change_message": ""}}, {"model": "admin.logentry", "pk": 74, "fields": {"action_time": "2019-03-27T02:54:42.882Z", "user": 1, "content_type": 7, "object_id": "57", "object_repr": "this is a TEST", "action_flag": 3, "change_message": ""}}, {"model": "admin.logentry", "pk": 75, "fields": {"action_time": "2019-03-27T02:54:42.889Z", "user": 1, "content_type": 7, "object_id": "56", "object_repr": "123", "action_flag": 3, "change_message": ""}}, {"model": "admin.logentry", "pk": 76, "fields": {"action_time": "2019-03-27T02:54:42.897Z", "user": 1, "content_type": 7, "object_id": "55", "object_repr": "Classes", "action_flag": 3, "change_message": ""}}, {"model": "admin.logentry", "pk": 77, "fields": {"action_time": "2019-03-27T02:54:42.904Z", "user": 1, "content_type": 7, "object_id": "54", "object_repr": "Machine Learning", "action_flag": 3, "change_message": ""}}, {"model": "admin.logentry", "pk": 78, "fields": {"action_time": "2019-03-27T02:54:42.911Z", "user": 1, "content_type": 7, "object_id": "53", "object_repr": "test", "action_flag": 3, "change_message": ""}}, {"model": "admin.logentry", "pk": 79, "fields": {"action_time": "2019-03-27T02:54:42.918Z", "user": 1, "content_type": 7, "object_id": "37", "object_repr": "Machine Learning", "action_flag": 3, "change_message": ""}}]